"0","# To see your language locale"
"0","Sys.getlocale()"
"1","[1]"
"1"," ""LC_COLLATE=Italian_Italy.utf8;LC_CTYPE=Italian_Italy.utf8;LC_MONETARY=Italian_Italy.utf8;LC_NUMERIC=C;LC_TIME=Italian_Italy.utf8"""
"1","
"
"0","# To change it into English"
"0","Sys.setlocale(""LC_ALL"", ""English"")"
"2","Avvertimento in Sys.setlocale(""LC_ALL"", ""English""):"
"2","
 "
"2"," using locale code page other than 65001 (""UTF-8"") may cause problems
"
"1","[1]"
"1"," ""LC_COLLATE=English_United States.1252;LC_CTYPE=English_United States.1252;LC_MONETARY=English_United States.1252;LC_NUMERIC=C;LC_TIME=English_United States.1252"""
"1","
"
"0","# Ensures the package ""pacman"" is installed"
"0","if (!require(""pacman"")) {"
"0","     install.packages(""pacman"") }"
"2","Caricamento del pacchetto richiesto: pacman
"
"2","Avvertimento:"
"2"," il pacchetto ‘pacman’ è stato creato con R versione 4.4.0
"
"0","# install (if necessary) from CRAN and load packages to be used"
"0","pacman::p_load("
"0","  rio,        # importing data  "
"0","  skimr,      # get overview of data"
"0","  janitor,    # data cleaning and tables"
"0","  lubridate,  # working with dates"
"0","  gtsummary,  # summary statistics, tests and regressions "
"0","  apyramid,   # plotting age pyramids "
"0","  tidyverse  # data management and visualization"
"0",")"
"0",""
"0",""
"0",""
"0",""
